CustomerId,Age,Gender,Balance,EstimatedSalary,NumOfProducts,CreditScore,IsActiveMember,Exited
1,56,Male,212801.73,30322.86,1,847,0,1
2,69,Male,123786.63,115094.54,3,568,1,0
3,46,Male,120146.64,44363.55,4,458,0,1
4,32,Female,148101.95,131563.02,3,628,0,0
5,60,Male,206170.24,126478.26,2,523,0,1
6,25,Male,86952.3,90303.19,4,677,0,0
7,38,Male,169504.04,112331.56,3,613,0,0
8,56,Female,141432.99,60865.51,2,664,0,1
9,36,Female,66757.07,81251.83,2,823,0,0
10,40,Male,219657.5,126812.8,1,460,1,0
11,28,Male,199356.51,79704.48,1,536,0,1
12,28,Male,164612.96,66513.77,1,618,1,0
13,41,Male,212645.43,84247.62,2,772,1,0
14,53,Female,216823.55,127672.4,3,578,1,0
15,57,Female,177090.74,63577.05,1,846,0,1
16,41,Female,209253.33,42589.01,3,505,1,0
17,20,Female,174367.87,112561.82,1,822,1,0
18,39,Male,170035.19,127377.17,4,538,0,1
19,19,Male,154652.84,33082.87,4,621,0,0
20,41,Male,188179.16,51183.63,1,724,1,0
21,61,Female,39651.28,38456.36,2,351,0,1
22,47,Male,220217.69,65232.38,1,595,0,1
23,55,Female,217960.88,78545.63,1,559,0,1
24,19,Female,7311.82,117347.42,2,750,0,1
25,38,Male,206454.19,104649.19,4,635,1,0
26,50,Male,32217.47,100720.71,3,708,0,1
27,29,Male,83779.71,65808.74,1,362,0,1
28,39,Female,185877.06,129388.18,2,445,0,1
29,61,Male,40189.97,81267.33,1,847,1,1
30,42,Female,204491.76,147283.64,2,570,1,0
31,66,Male,208033.54,102438.48,3,587,0,1
32,44,Female,126866.93,36414.42,3,443,0,1
33,59,Female,1596.47,107903.08,4,687,1,1
34,45,Male,71759.53,62263.52,2,618,0,0
35,33,Female,154231.73,109222.54,2,520,0,1
36,32,Female,245296.54,29053.35,4,818,1,0
37,64,Male,157953.38,42734.59,4,443,0,1
38,68,Female,64950.9,131245.84,2,498,0,1
39,61,Male,158501.43,49533.34,4,461,1,0
40,69,Female,134996.34,128815.35,3,404,1,1
41,20,Male,194961.35,56305.89,1,686,0,0
42,54,Male,26745.16,103574.65,3,773,1,1
43,68,Female,190256.98,110239.57,4,816,0,1
44,24,Female,135316.64,86645.12,2,465,0,1
45,38,Female,240748.0,59690.39,2,492,0,1
46,26,Female,85468.04,47643.77,3,550,1,0
47,56,Female,158155.47,24314.62,2,529,1,1
48,35,Male,233007.03,59513.03,4,551,0,1
49,21,Female,25627.43,104911.16,3,713,0,1
50,42,Male,234307.12,141979.63,2,828,1,0
51,31,Male,171971.43,133256.58,1,402,1,0
52,67,Female,16959.26,119588.42,1,820,1,1
53,26,Male,75240.89,122498.15,4,733,0,0
54,43,Male,177043.02,106448.04,2,529,1,0
55,19,Male,16837.65,53837.29,4,763,1,0
56,37,Male,145542.62,137935.35,3,766,0,0
57,45,Female,86470.76,107195.2,1,662,0,0
58,64,Male,155228.88,92857.28,3,657,0,1
59,24,Female,11435.51,34428.63,2,486,1,1
60,61,Female,217884.2,78117.22,4,531,0,1
61,25,Male,243372.24,79846.58,4,716,0,0
62,64,Female,242219.46,132393.27,4,350,0,1
63,52,Female,187412.96,91064.27,3,393,0,1
64,31,Female,32521.56,69452.07,1,576,1,1
65,34,Male,189565.8,146984.04,3,680,0,0
66,53,Female,6146.73,34393.68,3,447,1,1
67,67,Female,5530.89,74931.3,2,557,1,1
68,57,Female,80902.55,25463.21,2,614,1,0
69,21,Male,122160.8,116187.54,2,637,0,0
70,19,Female,192601.85,139349.95,1,620,1,0
71,23,Male,170823.84,56404.85,1,489,0,1
72,59,Male,111475.68,131584.42,2,830,0,1
73,21,Male,68406.67,57988.37,2,586,0,1
74,46,Male,249281.13,138400.12,1,811,1,0
75,35,Male,106545.33,118015.05,4,790,0,0
76,43,Male,112846.76,124637.88,1,741,0,0
77,61,Female,40905.96,22340.85,1,421,0,1
78,51,Male,198702.39,145165.35,1,504,1,1
79,27,Female,173420.56,114467.23,2,539,1,0
80,53,Female,55192.4,59617.64,4,617,1,0
81,31,Male,20595.26,127821.31,1,670,0,1
82,48,Female,170124.83,56597.76,2,456,1,0
83,65,Female,163627.8,133458.0,3,581,0,1
84,32,Female,68314.88,34635.45,3,391,0,1
85,25,Female,237715.89,111479.18,1,539,1,0
86,31,Male,37764.47,90290.8,3,720,0,1
87,40,Female,108083.7,32549.48,4,488,1,0
88,57,Male,235903.98,51446.2,3,452,0,1
89,38,Female,104931.83,21612.52,3,520,1,0
90,33,Female,159631.49,80939.84,4,700,0,0
91,62,Male,99398.6,59164.48,1,622,0,1
92,35,Female,68553.8,97786.47,1,830,0,0
93,64,Female,245994.41,58640.92,4,765,0,1
94,41,Female,102333.5,58989.48,4,570,0,1
95,43,Male,223524.8,116615.12,4,562,1,0
96,42,Female,57488.65,26258.57,3,690,0,0
97,62,Male,53276.18,137376.35,4,773,1,0
98,58,Female,7783.52,130794.3,2,756,1,1
99,46,Male,162916.71,106814.61,3,405,1,0
100,32,Male,92131.59,97118.8,1,739,0,0
101,62,Female,216089.56,135999.32,1,691,0,1
102,18,Female,118302.48,44092.92,1,783,0,0
103,42,Male,242048.36,30265.99,3,451,1,0
104,24,Male,46381.38,51136.32,2,770,0,1
105,26,Female,217155.79,123295.18,4,842,0,0
106,41,Male,194149.21,24507.13,4,541,1,0
107,18,Female,192730.46,95764.89,1,848,1,0
108,61,Female,211195.81,149406.88,1,659,1,0
109,25,Female,190256.0,131240.49,3,549,1,0
110,41,Female,156555.08,87787.94,2,582,1,0
111,28,Male,32811.22,28273.32,4,782,1,0
112,68,Female,8131.54,128078.56,3,576,0,1
113,34,Male,230211.96,97867.21,4,720,1,0
114,25,Female,154162.58,34941.29,1,488,0,1
115,52,Male,199134.32,32201.45,4,693,0,1
116,52,Female,120380.59,138251.49,2,654,0,1
117,50,Male,29327.05,106996.03,2,498,1,1
118,22,Male,31296.45,127807.28,1,464,0,1
119,59,Female,171391.32,134267.26,2,799,1,0
120,56,Female,107576.47,94330.41,2,412,1,1
121,58,Female,50131.18,87268.03,3,453,0,1
122,45,Female,122898.64,75955.56,4,688,1,0
123,24,Male,16052.23,61203.06,1,708,0,1
124,26,Female,145492.85,76497.47,1,505,0,1
125,25,Male,67248.35,120604.36,1,622,1,0
126,29,Male,199389.78,98250.05,1,355,0,1
127,51,Female,77590.49,136028.03,1,496,0,1
128,50,Male,113805.04,77639.4,2,533,0,1
129,65,Male,2905.13,98921.65,3,835,1,1
130,40,Male,18111.72,102069.98,1,377,0,1
131,41,Male,98123.39,96920.63,3,799,1,0
132,54,Female,119984.71,111342.39,3,387,1,0
133,52,Female,150005.14,50866.35,2,468,0,1
134,61,Female,72915.64,86607.29,1,642,0,1
135,57,Female,173745.47,33549.22,2,720,1,0
136,39,Male,215030.6,69986.47,1,593,1,0
137,44,Male,194962.75,83396.72,2,417,0,1
138,52,Female,9904.71,104789.15,3,563,0,1
139,18,Female,120126.74,143569.04,1,567,1,0
140,52,Female,26232.54,98084.64,4,526,1,1
141,54,Male,60511.25,116667.21,3,648,1,0
142,64,Female,246665.65,85814.59,4,513,1,0
143,31,Female,35623.89,102433.52,3,407,1,1
144,20,Female,124722.04,29221.19,2,618,0,0
145,18,Male,154538.93,53070.91,1,657,1,0
146,22,Male,175616.24,67040.9,3,407,1,0
147,43,Male,139912.17,81424.14,2,637,0,0
148,31,Male,2442.71,25934.34,1,814,0,1
149,56,Male,81615.33,38203.13,1,454,1,1
150,44,Male,129427.91,55985.86,3,577,1,0
151,26,Male,21966.62,146299.25,1,596,0,1
152,32,Male,87656.73,63075.11,3,537,1,0
153,32,Female,8300.78,82665.34,1,843,1,0
154,43,Female,19644.62,45492.7,4,432,0,1
155,59,Male,99230.82,99401.41,2,535,1,0
156,30,Male,33178.94,56488.82,4,601,0,1
157,68,Female,141885.21,46909.04,3,704,0,1
158,49,Male,172366.24,87154.44,4,587,0,1
159,56,Male,200146.67,20715.75,3,709,0,1
160,66,Male,50037.56,20996.32,1,533,1,0
161,69,Female,41870.65,48478.95,1,633,0,1
162,49,Female,26141.96,24773.78,3,734,1,0
163,21,Female,159107.56,34043.35,4,775,1,0
164,47,Female,176618.93,64051.88,1,559,1,0
165,54,Female,7896.54,124336.14,2,653,1,1
166,40,Male,234053.06,94366.32,1,645,1,0
167,56,Female,12992.82,86646.8,2,446,0,1
168,62,Male,135324.08,58153.55,4,796,0,1
169,32,Male,177265.13,141127.98,2,809,0,0
170,60,Female,217742.28,71611.96,2,805,0,1
171,46,Female,178521.73,31322.06,2,821,1,0
172,53,Male,200432.02,100218.65,2,557,0,1
173,30,Male,84862.55,34798.99,1,719,1,0
174,49,Male,203706.28,64879.01,2,737,1,0
175,24,Female,20028.71,85963.55,1,771,0,1
176,68,Female,223704.16,133648.93,2,841,0,1
177,39,Female,136898.09,84161.06,3,760,0,0
178,45,Female,204324.44,111293.64,4,486,0,1
179,19,Female,113079.57,149066.19,2,716,1,0
180,59,Male,160894.42,37093.59,3,749,1,0
181,62,Female,131600.67,55715.1,2,533,0,1
182,23,Male,182897.38,71294.89,2,425,1,0
183,45,Male,20407.5,74837.66,2,636,1,0
184,45,Male,15088.02,73432.74,3,821,1,0
185,61,Female,61775.81,137989.43,4,724,0,1
186,61,Female,39886.17,112824.24,3,491,1,1
187,37,Female,217945.89,99027.68,4,586,0,1
188,47,Male,54803.5,60218.45,2,374,0,1
189,28,Male,243966.31,127092.75,1,639,1,0
190,45,Male,84223.95,144157.87,2,416,1,0
191,42,Male,45529.48,126755.78,4,599,0,1
192,56,Male,197424.63,20203.46,3,757,1,0
193,50,Male,164676.94,102732.18,2,467,1,0
194,18,Female,124548.93,26647.6,3,839,0,0
195,44,Female,138840.89,53488.94,3,422,0,1
196,69,Female,179800.44,27738.21,3,631,0,1
197,30,Female,57113.69,98493.41,2,753,0,0
198,58,Male,249083.48,109256.69,3,797,1,0
199,20,Male,243698.29,34883.39,3,709,1,0
200,56,Female,162581.42,69899.05,2,359,0,1
201,23,Male,49885.61,79310.75,3,560,0,1
202,25,Female,170057.06,67976.89,2,672,0,0
203,44,Female,18049.6,35733.25,4,501,1,1
204,26,Female,7663.13,74463.21,4,354,0,1
205,54,Male,64420.72,117653.15,4,544,1,0
206,50,Female,115655.74,29231.0,3,791,0,0
207,68,Female,217068.13,30423.4,1,632,0,1
208,59,Female,181792.27,66120.27,1,813,0,1
209,61,Male,185676.63,142424.34,3,462,1,1
210,41,Male,106373.33,106914.44,1,620,1,0
211,32,Female,86483.75,108227.09,2,512,1,0
212,49,Male,92759.69,67049.6,1,809,0,0
213,49,Male,246912.39,97175.9,3,454,1,0
214,41,Male,10027.3,21317.05,3,530,1,1
215,58,Male,216757.87,102692.49,2,393,0,1
216,69,Male,144668.85,138727.3,4,631,0,1
217,66,Male,109653.85,99634.55,3,524,1,1
218,66,Male,181314.42,133580.82,2,511,1,0
219,69,Male,121667.24,114116.5,1,820,1,0
220,29,Male,218355.81,35672.59,1,700,1,0
221,56,Male,225175.47,137318.93,2,783,0,1
222,19,Female,105430.23,28637.7,2,689,0,0
223,20,Female,69206.95,89415.77,3,489,0,1
224,66,Male,148087.58,38477.83,1,820,1,0
225,54,Female,228090.84,21521.86,2,481,1,0
226,66,Female,52665.55,74864.45,1,436,0,1
227,34,Male,155741.65,58355.29,2,525,0,1
228,66,Male,157890.06,83180.06,1,532,1,1
229,19,Male,183278.26,95035.99,4,717,1,0
230,19,Female,32891.92,25686.08,3,478,0,1
231,45,Female,178956.24,35990.43,1,595,0,1
232,40,Male,227258.13,92623.51,4,438,0,1
233,54,Male,44920.78,64611.76,1,415,1,1
234,49,Male,59385.83,114792.55,1,507,1,0
235,50,Female,242848.77,104797.91,4,736,1,0
236,18,Female,45244.24,129928.57,1,727,1,0
237,36,Female,213596.27,110024.07,1,498,1,0
238,19,Female,123069.46,75891.04,3,822,1,0
239,61,Male,61807.77,107485.66,4,689,0,1
240,43,Male,217687.48,55799.55,4,782,0,0
241,49,Male,111326.31,59820.75,2,465,1,0
242,23,Male,128704.34,122568.07,1,563,0,1
243,49,Female,89808.34,78034.54,3,818,1,0
244,21,Female,148237.71,123789.44,1,795,0,0
245,28,Male,40880.97,126914.91,1,830,1,0
246,34,Male,97770.38,131483.1,2,721,0,0
247,55,Female,242353.08,139162.58,1,643,0,1
248,41,Male,64533.36,76028.08,3,602,1,0
249,22,Female,164184.17,61452.69,3,492,1,0
250,69,Male,81297.52,95685.84,2,599,0,1
251,51,Male,193368.28,68252.42,1,715,0,1
252,23,Male,32718.42,98139.64,3,785,1,0
253,39,Male,242455.26,111726.16,1,812,0,0
254,28,Male,113447.39,109492.65,1,651,1,0
255,65,Male,59012.62,68691.88,1,374,1,0
256,33,Male,18374.19,41691.83,2,626,0,1
257,50,Female,42439.48,75968.81,1,821,1,0
258,26,Female,129943.49,38537.24,3,726,0,0
259,23,Female,84250.79,135712.61,1,727,0,0
260,33,Female,207220.84,64964.07,3,738,1,0
261,46,Female,107721.88,40079.77,1,419,0,1
262,20,Male,62178.57,23308.21,3,462,1,0
263,37,Male,154286.25,103956.91,3,712,1,0
264,53,Female,176694.3,102797.3,1,461,1,1
265,36,Male,41760.48,64278.54,1,713,0,1
266,43,Female,41904.8,29322.55,3,652,1,0
267,20,Female,9167.86,73251.76,4,820,0,1
268,36,Male,184100.5,60458.27,2,801,1,0
269,37,Male,165951.13,108025.68,4,440,1,0
270,49,Male,118657.72,98751.3,4,367,1,0
271,24,Female,211042.61,67397.18,1,498,0,1
272,69,Male,201417.54,48326.03,2,825,0,1
273,58,Female,146338.59,148444.68,4,576,1,1
274,50,Female,217067.82,79020.21,1,563,1,0
275,57,Female,51460.3,109475.65,4,709,0,1
276,56,Male,27979.9,38271.89,4,500,0,1
277,35,Male,67437.4,83126.66,1,541,0,1
278,57,Female,14271.71,23579.77,1,800,1,1
279,18,Male,132792.38,85709.17,1,389,0,1
280,28,Male,234151.42,145322.26,2,591,1,0
281,45,Male,9835.89,69946.87,4,487,0,1
282,42,Female,30527.48,25069.48,1,694,1,0
283,67,Female,113049.76,24024.25,3,529,1,0
284,40,Male,233468.75,70438.28,4,846,1,0
285,48,Female,79039.03,40803.24,3,549,0,1
286,47,Male,126808.7,23035.77,2,552,0,1
287,59,Male,10393.21,118307.77,1,410,0,1
288,52,Male,37085.8,79607.99,3,541,1,1
289,24,Male,246657.53,57601.82,2,354,1,0
290,33,Female,241279.67,137010.81,1,727,0,0
291,43,Female,1235.0,35098.06,3,586,1,1
292,65,Female,237952.95,144269.45,3,530,1,0
293,69,Male,159779.98,60815.67,2,660,1,0
294,66,Male,216979.57,135492.48,1,386,0,1
295,19,Male,113684.96,98382.57,1,405,1,0
296,18,Female,128899.01,127471.96,3,792,0,0
297,65,Male,122211.65,147921.71,3,586,0,1
298,29,Female,166716.06,57492.71,3,707,0,0
299,22,Female,34912.81,144947.61,1,698,0,1
300,54,Female,7493.4,70632.65,2,546,0,1
301,49,Female,76982.49,70116.55,2,422,1,0
302,26,Female,176170.19,64250.32,1,408,0,1
303,58,Female,50463.36,90382.99,4,589,0,1
304,52,Male,168358.11,40038.86,2,351,0,1
305,36,Male,242478.01,91982.49,3,798,1,0
306,65,Female,23475.18,90421.63,4,709,1,1
307,33,Female,168150.53,119047.24,4,537,1,0
308,20,Male,110937.55,128374.5,2,656,1,0
309,37,Female,217035.56,77257.38,4,379,0,1
310,41,Female,44287.45,59303.32,4,616,0,1
311,50,Male,173156.49,53713.54,2,825,1,0
312,41,Female,209528.82,45301.1,2,457,1,0
313,69,Female,236153.55,27494.19,4,681,1,0
314,28,Female,170812.01,64518.24,3,772,1,0
315,66,Male,124293.69,55132.2,1,439,0,1
316,25,Male,154461.81,145634.26,4,554,1,0
317,53,Male,217226.25,92502.15,4,728,1,0
318,55,Female,142652.44,65146.02,3,805,1,0
319,57,Female,7596.76,95460.79,4,796,1,1
320,37,Male,232737.17,38095.57,4,797,1,0
321,52,Female,172381.69,77725.69,1,794,1,0
322,65,Female,169128.35,101410.46,1,730,1,0
323,42,Female,53918.79,83556.72,1,787,0,0
324,52,Female,164721.37,72231.24,2,569,0,1
325,42,Female,98466.1,149200.29,2,727,0,0
326,46,Male,162808.24,134440.92,1,443,0,1
327,35,Female,26648.26,101042.77,1,806,0,1
328,63,Male,164461.33,94019.06,2,452,0,1
329,35,Female,249853.43,100685.86,3,572,1,0
330,19,Male,12053.01,46170.57,4,535,1,1
331,52,Female,244293.55,71367.91,4,818,0,1
332,33,Male,101726.99,25129.74,1,533,1,0
333,58,Female,217688.36,81820.98,3,844,0,1
334,53,Male,195596.37,90593.2,2,511,1,1
335,50,Female,141754.07,49607.47,1,596,1,0
336,21,Male,184612.3,145323.75,3,380,1,0
337,50,Female,219628.89,138229.1,3,401,1,0
338,31,Male,101035.08,113878.62,3,694,1,0
339,38,Male,81758.29,89340.26,2,425,1,0
340,65,Female,166898.35,133095.99,2,734,0,1
341,37,Female,201961.49,36984.8,4,788,0,0
342,25,Male,190571.28,122766.27,4,627,1,0
343,24,Female,199453.41,36226.71,3,389,0,1
344,20,Male,108895.83,123247.39,3,450,1,0
345,34,Male,204458.55,55849.78,2,460,0,1
346,50,Male,30052.26,134021.78,4,734,1,0
347,65,Female,136122.27,142725.47,3,670,0,1
348,29,Male,1439.67,39343.48,4,598,1,1
349,68,Male,81146.46,80147.83,4,540,0,1
350,39,Female,91615.38,147528.36,3,839,1,0
351,39,Female,99043.17,82842.97,2,531,0,1
352,63,Female,173866.8,132261.18,3,775,1,0
353,47,Female,97139.53,96535.1,3,754,1,0
354,55,Male,112173.41,68792.89,4,684,1,0
355,55,Male,59386.03,57151.86,3,558,0,1
356,62,Male,93312.95,46419.0,2,371,0,1
357,68,Male,56817.41,119033.76,3,515,0,1
358,25,Female,18298.98,70250.27,2,448,1,1
359,44,Male,150862.15,86465.81,2,842,0,0
360,44,Male,167053.2,84002.31,4,557,1,0
361,51,Female,154872.59,95046.27,1,357,0,1
362,38,Male,115873.51,132525.03,1,539,0,1
363,47,Male,94946.45,147496.11,4,524,0,1
364,50,Male,215833.41,72985.95,3,622,0,0
365,45,Male,129770.45,127577.46,4,366,1,0
366,64,Male,119795.47,119388.61,2,439,0,1
367,50,Male,6410.52,94558.76,1,490,0,1
368,22,Female,85311.96,144286.13,4,494,1,0
369,65,Female,95048.9,46061.69,3,515,1,0
370,36,Male,99705.7,34204.35,4,686,0,0
371,21,Male,145043.09,131015.06,1,845,0,0
372,52,Female,133400.64,77089.48,4,427,1,1
373,66,Male,151976.27,130105.95,4,778,1,0
374,34,Male,191220.82,136101.73,1,611,1,0
375,61,Male,203246.43,28119.49,2,512,0,1
376,45,Female,179530.77,134850.42,2,715,0,0
377,47,Male,238880.92,78281.48,1,363,0,1
378,46,Female,4558.15,86356.22,4,588,1,1
379,63,Male,48944.5,101457.03,1,421,1,1
380,23,Female,1890.72,140429.74,2,794,1,0
381,52,Female,161868.68,22485.09,3,492,0,1
382,58,Male,224507.64,81989.65,4,659,1,0
383,54,Female,60870.57,109403.87,2,632,0,1
384,41,Male,231758.64,113951.9,4,618,1,0
385,46,Female,15066.85,110029.22,1,590,0,1
386,66,Male,233609.01,37476.57,3,764,0,1
387,63,Male,87905.67,58921.43,1,594,1,0
388,48,Female,25355.21,66633.02,3,512,0,1
389,52,Male,121467.94,124576.84,4,409,1,1
390,50,Male,64194.14,56238.78,4,355,0,1
391,69,Female,71218.23,47391.65,1,546,1,1
392,38,Male,76822.49,144468.24,3,819,1,0
393,49,Male,200756.47,21152.23,3,407,0,1
394,40,Female,134790.32,149716.71,4,654,1,0
395,50,Female,77826.92,107986.77,1,756,0,0
396,20,Male,152583.45,127701.01,3,566,1,0
397,35,Male,179037.67,58300.52,4,767,1,0
398,42,Female,68156.0,21860.99,2,375,1,0
399,59,Female,103387.28,115923.04,1,652,1,0
400,48,Male,30471.52,128438.8,2,354,0,1
401,20,Female,45287.34,116261.9,1,823,1,0
402,57,Male,170279.46,38570.54,4,369,1,0
403,63,Male,45359.59,117945.63,3,739,0,1
404,41,Male,131290.85,119959.96,3,547,0,1
405,67,Male,177261.57,105610.27,3,408,0,1
406,49,Male,26719.23,119595.07,1,797,0,1
407,64,Female,141828.05,129969.79,4,591,0,1
408,39,Female,64140.7,99768.53,2,495,0,1
409,40,Female,240731.72,31518.61,4,737,1,0
410,19,Female,120886.41,83391.62,2,622,0,0
411,44,Male,201498.14,30094.41,1,598,1,0
412,59,Male,137556.64,72980.59,1,363,0,1
413,19,Male,10853.13,72923.84,2,811,1,0
414,43,Male,158287.84,28581.28,2,362,1,0
415,34,Female,237850.84,65346.67,2,740,1,0
416,57,Male,150402.96,34429.75,4,733,0,1
417,50,Male,204797.21,125070.58,2,393,0,1
418,26,Female,221051.62,143199.44,1,724,0,0
419,60,Female,57019.94,29401.14,1,748,0,1
420,65,Female,53011.21,144164.98,3,368,1,1
421,56,Female,152745.25,87934.96,2,412,0,1
422,46,Male,102757.12,58943.54,4,840,1,0
423,59,Male,209965.33,29992.07,4,588,1,1
424,43,Female,225005.78,85081.15,4,841,0,0
425,52,Male,88355.34,123287.02,3,768,0,1
426,67,Male,59217.64,111921.24,1,686,0,1
427,42,Male,195131.38,26529.38,4,768,1,0
428,41,Female,68701.51,29477.24,1,752,0,0
429,30,Male,205653.58,72373.53,3,753,1,0
430,24,Female,105934.56,58387.76,2,449,0,1
431,53,Male,166887.47,50209.96,2,512,1,0
432,62,Male,23883.83,56530.58,2,765,0,1
433,37,Male,155964.83,124452.76,4,471,0,1
434,18,Female,112941.92,140799.65,2,781,1,0
435,25,Male,146652.12,72663.35,4,393,0,1
436,63,Female,42003.55,137794.43,3,709,0,1
437,33,Female,184218.44,61794.44,3,757,0,0
438,31,Female,215699.27,81936.81,4,666,0,0
439,29,Male,54184.95,49383.77,1,730,0,0
440,68,Male,23928.64,103261.89,2,494,0,1
441,40,Male,5909.65,147267.54,2,676,0,1
442,32,Male,160492.88,98454.1,2,712,1,0
443,45,Female,151773.51,66515.83,4,399,1,0
444,51,Female,136674.35,104216.27,3,414,0,1
445,19,Female,57986.77,35979.69,2,704,0,0
446,49,Male,97726.5,135525.68,3,637,0,0
447,40,Female,148619.08,85400.91,2,513,1,0
448,39,Male,124191.71,78415.47,2,490,1,0
449,68,Female,246946.38,96162.42,4,803,0,1
450,42,Male,34109.94,101221.9,1,663,1,0
451,39,Male,173786.14,29330.85,4,477,0,1
452,39,Female,101079.69,108740.24,2,747,0,0
453,66,Female,107049.9,51451.12,2,770,0,1
454,69,Female,179399.44,112813.84,1,717,0,1
455,59,Female,173109.04,126929.52,3,812,1,0
456,23,Male,247814.0,124514.61,3,588,1,0
457,32,Female,32098.57,91825.13,2,673,0,1
458,60,Female,26027.41,87622.09,3,645,1,1
459,54,Female,181084.7,38573.87,2,536,1,0
460,50,Male,144596.73,120795.0,1,557,0,1
461,25,Male,68540.17,55283.22,1,569,1,0
462,61,Female,19854.84,84570.4,2,749,0,1
463,61,Male,21414.56,56955.63,1,539,0,1
464,22,Female,223547.72,37397.69,4,737,0,0
465,56,Male,47966.83,101842.5,4,778,0,1
466,21,Male,80842.89,27063.16,1,695,1,0
467,23,Male,56664.1,117323.88,2,633,0,0
468,62,Male,88749.08,61286.28,2,701,1,0
469,49,Female,17355.96,20017.51,1,586,0,1
470,69,Female,129764.95,86446.79,3,543,0,1
471,47,Female,16903.14,26090.75,4,636,1,0
472,64,Male,200089.13,55902.04,3,608,0,1
473,52,Female,58428.02,111906.94,2,595,1,1
474,57,Female,135002.98,28149.65,2,485,1,0
475,69,Female,220019.77,129114.0,3,629,0,1
476,33,Male,162719.34,20496.59,1,620,0,0
477,30,Male,133239.45,52087.1,3,520,0,1
478,67,Male,81083.44,116317.53,3,508,0,1
479,59,Female,83250.48,61115.12,4,550,0,1
480,47,Female,167371.74,33246.01,4,836,0,0
481,36,Female,248534.84,66830.41,3,394,1,0
482,34,Male,165459.8,55151.13,3,799,1,0
483,36,Male,139445.85,129552.55,2,613,0,0
484,45,Female,182662.63,60735.23,4,420,1,0
485,43,Male,116301.4,122561.22,4,713,1,0
486,54,Male,15035.59,135943.38,2,720,0,1
487,43,Male,140574.2,76396.26,1,452,0,1
488,40,Male,239406.32,138292.61,4,839,1,0
489,26,Female,43825.74,69051.35,4,474,0,1
490,29,Male,172501.22,145330.19,1,662,1,0
491,18,Male,50233.42,31607.64,4,813,0,0
492,18,Male,133956.92,109312.5,4,832,1,0
493,64,Male,24169.11,84195.83,1,635,1,1
494,51,Female,112592.73,70394.34,1,807,1,0
495,49,Female,189040.83,102252.54,3,579,1,0
496,65,Male,86892.88,111501.42,2,495,0,1
497,42,Male,166227.93,20567.23,2,719,0,0
498,57,Male,198862.49,41703.9,1,546,1,1
499,62,Male,231794.45,112695.99,1,722,1,0
500,18,Male,58660.52,106630.1,4,570,0,1
501,33,Male,99828.98,145586.18,3,772,0,0
502,56,Female,38104.0,118934.91,3,409,1,1
503,22,Male,248120.88,143600.45,1,447,1,0
504,39,Female,231750.24,111330.27,4,520,1,0
505,46,Female,134989.28,58746.79,4,731,1,0
506,20,Male,210508.32,33697.44,2,522,1,0
507,29,Female,130239.49,121637.1,2,500,0,1
508,43,Female,155896.42,103739.4,4,802,1,0
509,33,Female,22281.11,26264.18,2,699,0,1
510,68,Female,188817.61,66806.56,1,739,0,1
511,54,Female,31928.37,144383.98,4,789,0,1
512,39,Female,206516.91,85052.15,2,471,1,0
513,46,Male,195507.02,76254.79,3,843,0,0
514,31,Female,177186.17,79500.95,4,457,0,1
515,45,Female,9040.1,47154.75,4,353,0,1
516,22,Female,75782.09,67931.93,3,442,0,1
517,64,Male,65778.14,68075.72,1,756,1,0
518,66,Female,90034.1,26806.15,3,355,1,0
519,47,Male,21910.69,119783.79,4,637,0,1
520,63,Female,234239.46,74145.58,1,455,0,1
521,69,Male,138450.56,126883.39,2,495,1,1
522,22,Male,76381.08,130545.24,2,620,1,0
523,29,Female,99245.38,47559.23,2,773,1,0
524,33,Female,111800.64,105455.95,4,727,0,0
525,43,Male,150148.58,81396.63,3,445,1,0
526,43,Female,128919.86,134420.38,1,806,0,0
527,65,Male,229847.99,48046.29,2,578,0,1
528,38,Male,124240.87,108115.72,1,551,1,0
529,56,Male,248039.5,99007.78,4,561,0,1
530,53,Male,212856.24,58389.19,2,355,1,1
531,50,Male,52127.63,37758.12,4,461,0,1
532,47,Female,232648.8,104713.17,3,725,1,0
533,54,Male,29091.6,116017.67,4,728,0,1
534,40,Male,204362.43,61031.55,4,796,0,0
535,27,Female,95155.82,103828.24,3,672,1,0
536,22,Male,219493.58,71367.02,1,455,1,0
537,53,Female,217014.17,112716.89,3,488,1,1
538,51,Female,201481.35,45897.99,3,648,1,0
539,69,Female,197507.61,135727.95,4,750,0,1
540,48,Male,76169.78,57363.25,1,445,1,0
541,27,Male,20229.82,67812.18,2,737,1,0
542,36,Male,100745.04,27551.95,3,796,0,0
543,49,Female,43381.13,34496.59,1,801,1,0
544,18,Male,173737.77,87062.05,3,686,1,0
545,22,Female,86524.93,54787.05,3,646,0,0
546,62,Male,243902.55,128612.43,3,816,1,0
547,21,Female,160243.02,21910.14,3,738,1,0
548,33,Male,205620.14,69282.23,4,765,1,0
549,41,Male,33131.17,63854.92,1,563,1,1
550,33,Male,215503.62,22512.59,1,803,1,0
551,19,Female,230689.3,36167.89,1,640,1,0
552,66,Female,121765.48,73773.55,3,371,0,1
553,45,Male,151563.23,84072.4,4,542,1,0
554,49,Male,191202.45,72557.67,3,817,0,0
555,44,Female,43709.66,89021.9,3,499,0,1
556,37,Female,125641.52,97367.12,1,717,0,0
557,41,Female,99665.76,21290.1,3,596,0,1
558,29,Male,36593.5,80332.37,2,616,1,0
559,67,Female,91883.61,145254.9,3,810,1,0
560,52,Male,17043.08,87474.2,2,600,1,1
561,50,Female,6452.98,108080.49,3,839,0,1
562,50,Male,33791.57,60542.3,4,352,1,1
563,68,Female,240778.78,120618.88,4,742,1,0
564,60,Female,137382.38,120479.79,1,665,1,0
565,54,Female,241455.54,87768.49,3,425,0,1
566,29,Female,108124.47,146881.8,2,436,0,1
567,20,Female,77954.03,36321.53,2,619,1,0
568,18,Male,126535.47,22203.2,3,574,0,1
569,50,Female,109877.92,120120.57,2,367,0,1
570,57,Female,26416.17,124930.22,4,462,1,1
571,27,Female,160206.58,35626.94,2,600,0,0
572,60,Male,54009.55,54525.77,1,582,0,1
573,61,Female,154896.99,22281.81,4,678,1,0
574,46,Male,162550.27,58130.12,4,628,0,0
575,30,Female,38006.21,120508.44,4,551,0,1
576,29,Female,15337.41,87334.87,3,432,0,1
577,48,Male,195190.4,65252.43,3,474,0,1
578,63,Female,114950.11,68326.11,4,524,0,1
579,19,Male,14540.95,20175.97,3,418,0,1
580,68,Male,248716.58,58974.07,2,396,0,1
581,67,Female,14445.14,104039.64,3,721,0,1
582,52,Male,173758.81,146645.28,3,605,1,0
583,40,Female,245919.73,130117.91,4,564,1,0
584,34,Female,59795.03,23067.35,1,379,1,0
585,43,Male,35562.34,136812.88,1,630,1,0
586,25,Male,30346.23,121815.79,1,761,0,1
587,46,Male,75818.79,121448.9,2,831,1,0
588,43,Male,25261.45,79539.45,3,586,1,1
589,27,Female,173040.34,71740.69,1,597,0,1
590,43,Female,15572.95,59379.04,4,717,0,1
591,51,Male,127355.53,28540.33,1,844,0,1
592,68,Female,249174.21,49670.6,1,374,0,1
593,58,Female,203492.57,52058.47,3,423,0,1
594,24,Female,153804.86,82930.02,3,555,1,0
595,21,Female,76563.41,117167.77,3,839,0,0
596,67,Male,155973.96,81595.28,2,843,1,0
597,62,Male,131760.37,27519.78,2,663,1,0
598,28,Female,106520.85,144512.67,1,443,0,1
599,46,Male,32677.59,142554.16,3,724,1,0
600,53,Male,221651.05,122074.64,1,476,1,0
601,42,Male,112446.16,148872.63,4,774,0,0
602,38,Female,48655.63,90782.7,4,374,1,1
603,53,Female,91939.84,145159.89,3,683,1,0
604,27,Female,103532.44,29828.66,3,704,1,0
605,54,Male,206884.47,67538.5,4,465,0,1
606,26,Female,183403.6,49299.56,3,397,0,1
607,41,Female,192326.22,45458.3,2,575,0,1
608,52,Male,2757.82,38304.38,2,615,1,1
609,66,Female,104038.5,100913.77,3,448,0,1
610,52,Female,120336.04,121571.84,4,808,1,0
611,65,Male,4798.07,95178.79,1,360,0,1
612,53,Male,64953.3,39105.15,3,434,1,0
613,35,Male,190072.46,125446.09,3,754,0,0
614,66,Female,34277.43,102674.11,1,563,0,1
615,56,Female,133827.53,70461.54,3,522,1,0
616,49,Female,53800.47,107636.94,1,740,0,0
617,41,Male,3030.19,53787.65,4,558,1,1
618,40,Male,60300.36,64874.99,2,797,0,0
619,49,Female,243968.44,139273.16,4,731,0,0
620,54,Female,200384.28,57765.59,2,413,1,1
621,29,Male,239894.16,81098.47,1,607,1,0
622,66,Male,121963.51,135718.35,2,681,1,0
623,30,Male,27434.05,112003.78,4,470,0,1
624,40,Male,136989.87,28086.42,2,647,1,0
625,42,Female,113594.33,39149.4,1,815,0,0
626,52,Male,211089.27,21019.41,2,403,1,0
627,58,Female,24520.65,102019.83,3,680,1,1
628,47,Female,122060.28,78197.55,4,621,1,0
629,34,Female,37512.17,37455.73,3,590,1,1
630,66,Male,81168.98,144531.44,1,592,1,1
631,37,Male,184339.27,88855.76,2,367,1,0
632,65,Male,119004.53,51446.13,3,832,0,1
633,42,Male,93972.07,85078.46,3,536,1,0
634,39,Female,98619.07,108350.64,2,695,0,0
635,30,Male,114861.69,29911.1,2,493,1,0
636,36,Male,196254.14,55711.5,4,611,1,0
637,66,Female,223021.17,124905.51,3,790,1,0
638,53,Male,238833.67,79756.43,3,713,0,1
639,29,Female,196725.85,91055.03,1,840,0,0
640,58,Female,78851.72,76266.08,4,780,1,0
641,36,Female,172033.68,25706.99,1,588,0,1
642,29,Female,109400.78,41547.47,3,653,1,0
643,26,Female,63667.66,77920.41,1,647,1,0
644,24,Female,210217.89,47194.11,3,425,0,1
645,45,Female,9606.59,26497.27,3,537,0,1
646,31,Female,225440.5,129674.46,1,682,0,0
647,48,Male,115369.37,147555.03,1,737,0,0
648,69,Male,159300.37,123108.57,2,836,1,0
649,36,Male,164838.48,130992.04,2,595,0,1
650,64,Male,223779.44,51457.03,2,479,0,1
651,33,Female,159167.42,144881.51,3,823,1,0
652,22,Male,153483.4,45600.34,1,664,0,0
653,52,Female,16663.01,143685.88,4,760,0,1
654,29,Male,129602.01,149326.51,3,632,0,0
655,42,Male,37542.25,112523.96,4,428,0,1
656,69,Male,184358.44,147548.69,1,421,1,0
657,38,Female,128055.48,94040.17,3,612,1,0
658,53,Male,170056.94,53740.43,4,540,0,1
659,40,Female,10418.23,76809.47,4,716,0,1
660,33,Female,21198.0,97162.92,2,724,1,0
661,56,Male,179080.85,29500.6,2,779,0,1
662,62,Male,18021.08,100904.62,2,412,0,1
663,59,Male,17814.18,147553.12,3,837,0,1
664,56,Female,3027.12,44713.99,1,729,0,1
665,31,Male,239125.35,123037.37,1,361,0,1
666,48,Female,184377.09,138026.84,2,490,0,1
667,22,Female,88312.85,142681.21,2,603,0,0
668,52,Male,74133.9,144817.63,2,392,0,1
669,40,Male,87425.81,87789.75,4,366,0,1
670,46,Female,193663.38,147050.03,2,412,1,0
671,60,Female,165342.65,118450.33,4,602,1,0
672,28,Female,46298.89,41017.29,1,814,1,0
673,35,Male,43527.33,81997.01,3,725,0,1
674,64,Female,24598.91,113383.05,3,641,0,1
675,29,Male,165075.68,52154.24,3,818,1,0
676,26,Female,191093.17,103279.97,3,357,0,1
677,27,Female,66261.61,106658.06,4,674,1,0
678,61,Male,5236.24,41150.97,4,439,0,1
679,34,Female,20542.92,93461.09,2,557,1,1
680,55,Male,241965.01,120311.5,4,641,1,0
681,24,Male,73861.19,84856.44,2,633,1,0
682,63,Female,192305.79,21573.41,2,467,0,1
683,30,Male,156165.89,21175.0,3,698,1,0
684,57,Male,95484.91,66413.81,4,524,0,1
685,59,Female,51421.82,140405.23,4,425,0,1
686,26,Male,30346.6,49727.98,2,450,0,1
687,67,Male,153753.24,102467.28,2,763,0,1
688,44,Male,193658.45,48869.86,1,500,0,1
689,19,Female,160976.06,61817.1,1,749,0,0
690,22,Male,132575.53,130245.47,2,619,0,0
691,46,Female,10487.81,114751.99,1,807,1,0
692,54,Female,242122.19,32401.91,1,420,1,1
693,55,Male,199678.55,75731.26,2,842,1,0
694,36,Male,73205.51,23792.07,2,529,0,1
695,25,Male,244992.58,82515.72,4,473,0,1
696,65,Female,150470.4,106116.42,2,730,0,1
697,62,Male,145605.66,35405.34,2,642,0,1
698,18,Male,187018.29,57555.04,3,634,1,0
699,39,Male,202942.45,71718.76,4,544,0,1
700,69,Male,164119.65,139539.03,4,748,1,0
701,34,Male,32023.94,149123.15,4,577,0,1
702,24,Female,84566.88,25838.47,3,780,1,0
703,42,Female,232020.91,118931.03,2,779,0,0
704,62,Male,56153.9,68324.13,4,785,1,0
705,21,Male,93041.76,71019.56,4,624,0,0
706,53,Male,108019.22,118054.45,1,810,1,0
707,23,Male,109851.25,139395.44,4,455,0,1
708,48,Female,153234.9,143620.72,2,370,1,0
709,36,Male,235768.96,95025.94,2,413,1,0
710,61,Female,60173.18,66425.75,1,514,0,1
711,56,Female,30375.34,122381.38,4,376,1,1
712,44,Male,49367.62,52630.18,4,660,0,1
713,27,Female,221731.23,93329.62,4,849,0,0
714,43,Female,161452.7,66615.2,3,634,0,0
715,36,Female,71476.7,105362.04,4,497,1,0
716,56,Female,203986.73,51251.86,2,630,1,0
717,20,Male,215342.5,44907.08,2,675,0,0
718,62,Male,211628.58,139371.08,3,668,0,1
719,30,Female,229731.63,33234.48,3,513,1,0
720,67,Male,63060.26,85774.53,4,735,1,0
721,45,Male,188760.48,48710.86,1,755,1,0
722,37,Male,115134.87,25060.9,3,573,0,1
723,45,Male,210499.64,24682.45,3,621,0,0
724,25,Male,182122.67,42778.83,4,495,0,1
725,58,Female,194111.86,132680.15,4,802,0,1
726,56,Male,164040.46,56722.24,3,787,0,1
727,18,Male,44357.19,143559.69,1,705,1,0
728,20,Male,136256.73,95610.9,3,379,0,1
729,30,Male,246167.43,76759.84,4,394,1,0
730,45,Female,234347.02,95411.55,4,624,1,0
731,66,Female,10793.43,87170.79,3,820,0,1
732,42,Female,41203.7,118640.91,1,383,1,1
733,50,Female,32932.19,56724.49,3,490,0,1
734,55,Male,181494.98,65896.55,3,776,1,0
735,23,Female,204446.33,136232.26,4,667,0,0
736,61,Male,53377.84,143039.35,1,723,0,1
737,62,Male,126463.17,136032.57,2,570,1,1
738,49,Male,210175.76,74528.24,1,705,0,0
739,62,Male,183200.39,121447.52,3,371,1,1
740,64,Male,135559.3,81923.65,3,529,0,1
741,38,Female,147586.92,84680.18,3,785,0,0
742,33,Female,127090.14,46608.41,1,716,0,0
743,38,Female,74387.11,96846.94,4,769,1,0
744,28,Female,141255.5,44197.67,3,678,1,0
745,54,Male,172221.33,63103.41,3,580,0,1
746,53,Female,218330.73,131153.93,1,848,1,0
747,52,Male,159072.84,46919.86,2,752,0,1
748,36,Female,190280.38,29250.58,2,387,1,0
749,37,Male,40017.91,28970.99,4,419,1,1
750,35,Male,115389.37,142301.99,4,465,0,1
751,64,Female,2332.9,85899.66,3,588,0,1
752,58,Male,61669.72,73223.57,1,684,0,1
753,66,Male,181615.43,125414.22,3,790,0,1
754,31,Female,247952.49,128657.37,4,497,0,1
755,32,Male,24794.52,63184.83,1,358,1,1
756,48,Female,100373.58,110170.35,1,637,1,0
757,18,Female,200017.74,120245.97,4,737,0,0
758,20,Female,51008.91,105104.59,2,399,0,1
759,33,Male,138771.24,39707.36,2,687,0,0
760,40,Male,183267.82,133864.8,1,354,1,0
761,28,Male,153996.36,90082.29,3,753,0,0
762,29,Female,47006.18,56721.42,2,692,0,1
763,27,Male,88846.14,75279.66,3,475,1,0
764,49,Female,195947.95,24884.24,2,424,1,0
765,33,Female,138556.63,36622.68,2,514,1,0
766,25,Male,1307.4,119521.08,3,627,1,0
767,55,Female,190247.69,20001.51,4,791,0,1
768,29,Male,8827.84,74153.56,2,673,1,0
769,41,Male,186433.45,87926.32,2,826,1,0
770,45,Male,50620.14,27102.47,3,649,0,0
771,25,Male,239518.37,146500.16,4,639,0,0
772,45,Male,91985.19,49396.29,2,426,0,1
773,53,Female,81732.9,59545.83,2,647,1,0
774,43,Female,37222.01,59512.53,4,486,0,1
775,25,Female,76401.05,49954.17,2,455,1,0
776,67,Male,219162.69,20191.6,4,444,1,0
777,45,Male,249083.58,114814.82,4,484,1,0
778,45,Male,92077.38,145689.91,3,417,0,1
779,54,Female,112152.66,49158.15,1,496,1,0
780,58,Male,180517.73,106196.13,4,839,0,1
781,53,Female,221548.95,116446.52,3,827,0,1
782,44,Female,148261.08,130295.3,1,508,0,1
783,34,Male,97881.42,74941.8,2,733,1,0
784,26,Male,103155.46,59381.02,1,512,1,0
785,50,Female,173904.54,62288.37,4,790,1,0
786,37,Male,804.57,112640.77,4,690,0,1
787,30,Female,154897.33,126181.33,4,538,1,0
788,45,Male,88873.25,43609.82,4,764,1,0
789,65,Male,198549.33,68222.33,4,688,1,0
790,46,Female,23247.66,137252.23,3,444,1,1
791,30,Male,147050.57,124870.16,4,530,1,0
792,63,Female,120243.22,148031.59,3,637,0,1
793,52,Male,160581.38,118052.27,2,671,0,1
794,23,Female,16213.4,71115.38,4,536,0,1
795,35,Female,144995.95,96782.92,4,721,0,0
796,68,Male,140371.15,105931.85,1,487,1,0
797,22,Female,140165.02,30199.26,2,479,0,1
798,64,Male,150871.92,90784.6,4,543,1,0
799,42,Male,169116.98,112211.71,4,665,0,0
800,19,Male,201247.25,41751.77,2,821,0,0
801,27,Female,67455.18,121482.12,3,622,0,0
802,47,Female,206262.35,95890.46,4,701,1,0
803,67,Male,124563.92,143788.83,1,493,1,0
804,62,Male,19264.57,25514.9,4,365,0,1
805,22,Female,14637.73,54492.4,1,651,1,0
806,50,Male,83559.58,98202.0,1,772,0,0
807,18,Male,196224.24,58552.79,4,594,0,1
808,35,Female,176920.23,112875.14,4,764,0,0
809,49,Male,197153.74,118670.69,1,456,1,0
810,64,Female,129317.26,33327.08,2,437,0,1
811,66,Male,110049.75,86801.08,2,478,0,1
812,28,Female,36863.13,86155.77,4,744,0,1
813,38,Male,82048.19,68006.5,3,724,1,0
814,43,Male,108504.84,141280.23,2,690,0,0
815,42,Female,22150.11,127575.82,4,353,1,1
816,39,Male,55152.99,110637.22,2,676,0,0
817,44,Female,149556.32,112862.46,3,759,1,0
818,66,Male,183915.78,80023.1,4,716,0,1
819,30,Female,249586.88,139729.29,3,655,0,0
820,50,Female,233278.33,110297.41,4,745,1,0
821,51,Female,160641.3,114767.54,3,444,1,0
822,58,Female,105312.01,132019.82,2,558,0,1
823,52,Male,159044.34,55629.31,2,574,1,0
824,18,Male,196412.9,124919.22,3,808,0,0
825,38,Female,29584.05,45381.28,3,697,0,1
826,65,Female,102476.22,64894.45,3,829,0,1
827,23,Female,209950.57,63629.36,4,670,1,0
828,45,Male,95958.24,147208.31,2,396,0,1
829,34,Male,142968.07,131349.84,4,825,1,0
830,22,Male,146942.34,111152.08,2,530,0,1
831,48,Male,46119.06,114517.38,1,455,1,1
832,22,Female,90558.86,93069.46,4,548,1,0
833,55,Female,83627.82,143121.79,2,735,0,1
834,20,Female,6549.18,84513.64,2,455,1,1
835,40,Male,6047.94,69467.3,4,629,0,1
836,54,Male,207924.26,41194.59,4,609,0,1
837,54,Male,68267.7,122206.73,2,457,0,1
838,27,Female,129519.69,115477.71,4,368,0,1
839,27,Female,74681.39,69966.16,3,759,0,0
840,36,Male,235169.81,23275.14,4,808,1,0
841,34,Female,64824.19,129069.65,4,645,0,0
842,38,Male,107414.2,21484.34,4,655,1,0
843,31,Male,218182.56,111480.97,2,520,1,0
844,26,Female,210483.39,146133.42,3,680,0,0
845,63,Male,46525.35,76895.97,1,842,1,1
846,18,Female,200660.83,50546.54,1,544,0,1
847,68,Male,114546.72,111633.23,3,361,1,0
848,62,Female,120742.22,126226.66,3,544,1,1
849,30,Female,33369.99,91035.94,3,839,1,0
850,21,Female,20150.38,145714.59,2,632,0,1
851,18,Male,181984.83,26716.93,1,718,1,0
852,66,Male,124115.29,85623.43,3,531,0,1
853,57,Female,109212.68,113399.01,2,799,1,0
854,49,Female,182377.06,132143.26,1,654,1,0
855,51,Male,191378.22,43303.23,4,493,1,0
856,45,Male,39727.04,124000.45,2,735,1,0
857,48,Male,152556.29,91851.92,1,665,0,0
858,25,Female,33838.52,71551.98,2,531,0,1
859,56,Male,187843.77,37122.95,1,379,1,0
860,43,Male,164238.79,132488.45,1,433,1,0
861,51,Female,239153.66,40445.52,4,515,0,1
862,20,Male,17239.5,60272.42,2,633,0,1
863,67,Male,14263.68,57705.92,3,630,0,1
864,29,Male,70546.77,133283.82,4,445,0,1
865,18,Female,65426.42,107451.39,4,730,1,0
866,61,Female,61744.7,123568.58,1,615,1,0
867,22,Female,226563.65,52560.83,3,793,0,0
868,47,Female,62386.55,101233.63,2,647,0,0
869,47,Female,67987.43,94326.98,3,645,0,0
870,34,Female,189849.57,128267.95,3,574,0,1
871,65,Female,112434.96,137791.32,3,682,0,1
872,64,Male,194177.64,21580.38,3,710,0,1
873,40,Male,16341.54,107622.59,3,723,1,0
874,32,Female,121892.8,26738.65,1,391,1,0
875,54,Male,8403.4,91351.63,1,652,1,1
876,38,Male,15663.3,57392.25,4,770,0,1
877,31,Female,226609.36,59880.96,1,595,0,1
878,19,Male,34811.34,65884.61,4,557,0,1
879,28,Male,133105.17,100768.02,4,586,1,0
880,68,Male,102773.9,63426.5,2,371,0,1
881,56,Male,86835.83,115250.88,3,534,0,1
882,55,Male,224958.34,72588.56,1,817,1,0
883,51,Female,5455.85,28885.92,2,591,0,1
884,55,Female,165947.42,121888.78,1,712,1,0
885,67,Female,240848.61,57148.58,4,632,1,0
886,51,Male,140042.05,76259.69,1,390,0,1
887,35,Female,234205.62,109107.7,3,685,1,0
888,47,Male,13064.47,63219.3,4,511,0,1
889,32,Male,104698.33,27356.14,4,509,1,0
890,44,Male,65039.45,68609.74,2,823,0,0
891,68,Male,182705.24,142778.32,3,438,1,0
892,51,Female,245324.27,103425.47,4,671,0,1
893,69,Female,64132.52,107292.29,3,361,1,1
894,55,Male,163543.65,102196.68,1,773,1,0
895,50,Female,49524.41,45868.98,3,422,1,1
896,41,Male,141332.56,74383.4,4,425,0,1
897,32,Female,115983.12,117622.17,2,695,0,0
898,47,Female,243001.33,33178.48,4,550,1,0
899,59,Male,152131.82,56120.86,3,359,0,1
900,68,Female,87376.59,55921.48,3,701,1,0
901,34,Male,28523.95,76162.46,4,575,0,1
902,22,Female,37811.71,147447.94,3,525,1,1
903,46,Male,56329.23,28775.33,1,625,0,0
904,21,Male,62741.67,87431.13,4,388,1,0
905,27,Female,212654.01,43317.41,2,409,1,0
906,34,Female,140305.7,146187.95,4,415,1,0
907,27,Male,130847.73,34729.46,1,670,1,0
908,34,Female,28692.22,72468.13,1,784,0,1
909,37,Female,215034.92,115925.05,1,473,1,0
910,41,Male,180703.58,111592.08,1,513,0,1
911,22,Male,16917.09,74954.72,1,757,0,1
912,51,Female,176958.77,65048.14,2,760,1,0
913,23,Male,135884.55,71689.61,3,735,0,0
914,19,Male,20431.34,54355.91,1,508,0,1
915,30,Male,114575.16,46693.28,1,406,0,1
916,60,Female,121174.07,82795.16,4,427,1,1
917,60,Female,41443.64,54909.39,2,543,0,1
918,65,Male,236424.54,57370.02,2,634,0,1
919,28,Female,212493.84,105378.29,3,364,1,0
920,68,Male,167255.58,145909.85,2,361,1,1
921,64,Female,115573.89,98472.84,4,450,0,1
922,40,Male,102941.39,30007.33,4,505,1,0
923,33,Male,162743.37,29825.87,3,689,0,0
924,48,Female,136357.97,143685.02,4,474,0,1
925,28,Male,15568.28,58647.8,1,708,0,1
926,33,Female,128125.66,31968.71,1,629,1,0
927,25,Female,201600.9,97875.8,4,754,0,0
928,21,Male,114809.97,101074.34,3,743,1,0
929,57,Male,12989.14,104305.63,2,459,1,1
930,21,Female,196569.55,54762.26,3,683,0,0
931,42,Male,50340.95,21964.39,2,706,1,0
932,20,Male,64655.21,145452.0,4,495,1,0
933,49,Male,41176.59,52616.1,4,565,1,1
934,20,Male,82553.77,107883.42,1,747,1,0
935,44,Male,189187.88,111861.88,2,511,1,0
936,46,Female,129846.46,99300.96,3,477,0,1
937,49,Female,51220.32,60677.96,4,663,1,0
938,67,Male,219457.52,55242.51,3,681,0,1
939,68,Male,219895.46,97696.88,1,499,0,1
940,36,Male,217644.61,132592.43,2,803,0,0
941,38,Female,59699.05,143075.38,2,385,0,1
942,22,Male,112809.84,33767.75,4,522,0,1
943,35,Female,246247.41,40127.72,2,769,0,0
944,45,Female,193003.12,142815.71,4,371,1,0
945,59,Female,6791.86,115749.58,1,555,1,1
946,39,Male,16301.15,134789.2,2,476,1,1
947,38,Female,115982.84,46342.24,4,685,0,0
948,23,Male,227305.05,96386.16,3,794,1,0
949,18,Female,134675.45,111148.15,4,705,1,0
950,22,Male,124453.13,108414.55,2,789,1,0
951,58,Female,26368.42,73059.72,1,566,0,1
952,29,Male,164195.03,22001.34,2,445,1,0
953,43,Female,205525.79,95780.39,2,766,0,0
954,63,Male,95105.0,52903.2,4,778,1,0
955,51,Male,193902.96,78533.05,3,513,0,1
956,66,Male,241119.16,144485.53,2,497,0,1
957,31,Male,50941.61,71874.59,3,367,0,1
958,43,Female,130832.41,129174.21,4,643,1,0
959,62,Female,71784.49,44510.28,3,544,1,1
960,44,Male,198213.6,107419.86,4,500,0,1
961,26,Female,144398.34,147010.9,1,829,1,0
962,43,Male,158645.6,33246.1,3,714,0,0
963,64,Male,199478.54,21081.59,3,472,0,1
964,39,Female,98992.62,76365.76,1,749,1,0
965,64,Male,228772.52,32041.31,3,536,1,0
966,47,Male,133257.22,117289.97,1,802,1,0
967,60,Female,39488.71,138891.33,2,801,0,1
968,65,Male,173974.78,76422.73,4,498,0,1
969,34,Male,198315.34,53632.51,1,453,1,0
970,43,Male,79190.42,76472.43,3,592,0,1
971,53,Male,214294.81,114048.22,1,811,1,0
972,18,Female,226535.81,21177.04,3,580,0,1
973,25,Female,69226.12,96629.02,2,828,1,0
974,66,Female,245880.37,99727.92,1,555,1,1
975,52,Male,35177.88,102899.47,2,547,0,1
976,69,Male,50503.92,51462.87,4,745,1,0
977,32,Female,46056.21,112826.85,3,749,1,0
978,64,Male,223497.43,31880.89,3,686,0,1
979,39,Male,163573.14,45905.14,2,842,1,0
980,31,Male,38026.07,134071.11,4,436,0,1
981,43,Male,110080.85,116034.01,1,491,1,0
982,45,Female,153824.51,21786.92,1,666,0,0
983,40,Female,20866.02,52288.91,3,548,1,1
984,31,Female,220604.09,47872.84,2,395,1,0
985,41,Male,200900.88,55204.82,2,637,1,0
986,19,Female,126301.69,52182.77,1,364,1,0
987,62,Female,241781.65,28128.42,4,393,0,1
988,43,Male,104440.24,79662.27,4,750,0,0
989,31,Male,246027.58,115255.35,1,518,0,1
990,68,Female,166980.0,98875.12,1,659,0,1
991,24,Female,158667.82,107473.32,2,844,0,0
992,20,Female,41488.72,30549.39,4,393,0,1
993,64,Female,220481.94,143693.79,1,447,0,1
994,40,Male,106872.42,129003.94,1,610,1,0
995,63,Female,40558.35,124661.74,3,458,1,1
996,60,Female,3151.88,126987.89,1,632,1,1
997,64,Male,139938.92,141252.37,1,721,1,0
998,62,Female,131849.91,90753.02,4,692,0,1
999,35,Male,179838.41,46036.66,2,453,0,1
1000,55,Male,222564.51,100181.87,4,605,0,1
